[
  {
    "method": "post",
    "path": "am",
    "apiName": "addAdminInfo.do",
    "params": {
      "userId": 1,
      "schoolId": 1,
      "loginId": "@getNewAccount.do -p {'type':2} -j data/loginId",
      "userName": "周卫贤自动%d",
      "phoneNum": "201706001122",
      "roleId": 1,
      "time": "!{{int(time.time()*1000)}}",
      "sign": "!{{requests.post('http://www.yuwenclub.com/dyw-managet/test/_manager/GenderCourseRecordSign.jsp', !<<dict($*,**{'method':'$apiName'})>>).text.strip()}}"
    }
  },
  {
    "method": "get",
    "apiName": "getNewAccount.do",
    "params": {
      "userId": 1,
      "type": "3",
      "schoolId": 1,
      "classId": "@if $params/type==3: @getClassCourselistList.do -j data/subjectList#/subSchoolList#/classList#/classId else:",
      "time": "!{{int(time.time()*1000)}}",
      "sign": "!{{requests.post('http://www.yuwenclub.com/dyw-managet/test/_manager/GenderCourseRecordSign.jsp', !<<dict($*,**{'method':'$apiName'})>>).text.strip()}}"
    }
  },
  {
    "method": "post",
    "apiName": "addSchoolInfo.do",
    "path": "sm",
    "dependency": "getNewAccount.do",
    "params": {
      "userId": 1,
      "schoolName": "北京四中网校%d",
      "relatePersonName": "周老师自动创建",
      "phoneNum": "18310511300",
      "schoolPhoneNum": "01011112222",
      "schoolCode": "bjsz",
      "address": "北京西城",
      "schoolType": "{1,2}",
      "provinceId": "229692568",
      "cityId": "335",
      "adminLoginId": "m1@bjsz",
      "isCheck": "0",
      "time": "!{{int(time.time()*1000)}}",
      "sign": "!{{requests.post('http://www.yuwenclub.com/dyw-managet/test/_manager/GenderCourseRecordSign.jsp', !<<dict($*,**{'method':'$apiName'})>>).text.strip()}}"
    }
  },
  {
    "method": "get",
    "apiName": "getProvinceCityList.do",
    "params": {
      "userId": 1,
      "time": "!{{int(time.time()*1000)}}",
      "sign": "!{{requests.post('http://www.yuwenclub.com/dyw-managet/test/_manager/GenderCourseRecordSign.jsp', !<<dict($*,**{'method':'$apiName'})>>).text.strip()}}"
    }
  },
  {
    "method": "get",
    "path": "sm",
    "apiName": "getSchoolAndSubList.do",
    "params": {
      "userId": 1,
      "type": "{0,1}",
      "time": "!{{int(time.time()*1000)}}",
      "sign": "!{{requests.post('http://www.yuwenclub.com/dyw-managet/test/_manager/GenderCourseRecordSign.jsp', !<<dict($*,**{'method':'$apiName'})>>).text.strip()}}"
    }
  },
  {
    "method": "get",
    "apiName": "getClassCourselistList.do",
    "path": "em",
    "params": {
      "userId": 1,
      "schoolId": "1",
      "time": "!{{int(time.time()*1000)}}",
      "sign": "!{{requests.post('http://www.yuwenclub.com/dyw-managet/test/_manager/GenderCourseRecordSign.jsp', !<<dict($*,**{'method':'$apiName'})>>).text.strip()}}"
    }
  },
  {
    "method": "get",
    "path": "stum",
    "apiName": "getInformalStudentList.do",
    "params": {
      "userId": 1,
      "name": "",
      "phone": null,
      "schoolName": null,
      "schoolId": null,
      "subSchoolId": null,
      "gradeId": null,
      "periodType": null,
      "test": null,
      "audition": null,
      "enrollTime": null,
      "pageNum": 1,
      "pageSize": 20,
      "time": "!{{int(time.time()*1000)}}",
      "sign": "!{{requests.post('http://www.yuwenclub.com/dyw-managet/test/_manager/GenderCourseRecordSign.jsp', !<<dict($*,**{'method':'$apiName'})>>).text.strip()}}"
    }
  },
  {
    "method": "get",
    "path": "stum",
    "apiName": "getStudentInfo.do",
    "params": {
      "userId": 1,
      "studentId": "@getStudentList.do -j data/studentList#/userId",
      "type": 1,
      "time": "!{{int(time.time()*1000)}}",
      "sign": "!{{requests.post('http://www.yuwenclub.com/dyw-managet/test/_manager/GenderCourseRecordSign.jsp', !<<dict($*,**{'method':'$apiName'})>>).text.strip()}}"
    }
  },
  {
    "method": "get",
    "path": "stum",
    "apiName": "getStudentList.do",
    "params": {
      "userId": 1,
      "loginId": null,
      "name": null,
      "className": null,
      "schoolId": null,
      "campusId": null,
      "gradeId": null,
      "pageNum": 1,
      "pageSize": 20,
      "state": null,
      "time": "!{{int(time.time()*1000)}}",
      "sign": "!{{requests.post('http://www.yuwenclub.com/dyw-managet/test/_manager/GenderCourseRecordSign.jsp', !<<dict($*,**{'method':'$apiName'})>>).text.strip()}}"
    }
  },
  {
    "method": "get",
    "path": "stum",
    "apiName": "getInformalStudentInfo.do",
    "params": {
      "userId": 1,
      "studentId": null,
      "time": "!{{int(time.time()*1000)}}",
      "sign": "!{{requests.post('http://www.yuwenclub.com/dyw-managet/test/_manager/GenderCourseRecordSign.jsp', !<<dict($*,**{'method':'$apiName'})>>).text.strip()}}"
    }
  },
  {
    "method": "get",
    "path": "apm",
    "apiName": "getApplyPhaseIdNameList.do",
    "params": {
      "userId": 1,
      "time": "!{{int(time.time()*1000)}}",
      "sign": "!{{requests.post('http://www.yuwenclub.com/dyw-managet/test/_manager/GenderCourseRecordSign.jsp', !<<dict($*,**{'method':'$apiName'})>>).text.strip()}}"
    }
  },
  {
    "method": "get",
    "path": "apm",
    "apiName": "getPhaseList.do",
    "params": {
      "userId": 1,
      "pageNum": 1,
      "pageSize": 20,
      "time": "!{{int(time.time()*1000)}}",
      "sign": "!{{requests.post('http://www.yuwenclub.com/dyw-managet/test/_manager/GenderCourseRecordSign.jsp', !<<dict($*,**{'method':'$apiName'})>>).text.strip()}}"
    }
  },
  {
    "method": "get",
    "path": "clm",
    "apiName": "getCourselistList.do",
    "params": {
      "userId": 1,
      "pageNum": 1,
      "pageSize": 20,
      "time": "!{{int(time.time()*1000)}}",
      "sign": "!{{requests.post('http://www.yuwenclub.com/dyw-managet/test/_manager/GenderCourseRecordSign.jsp', !<<dict($*,**{'method':'$apiName'})>>).text.strip()}}"
    }
  },
  {
    "method": "get",
    "path": "crm",
    "apiName": "getClassroomList.do",
    "params": {
      "userId": 1,
      "pageNum": 1,
      "pageSize": 20,
      "time": "!{{int(time.time()*1000)}}",
      "sign": "!{{requests.post('http://www.yuwenclub.com/dyw-managet/test/_manager/GenderCourseRecordSign.jsp', !<<dict($*,**{'method':'$apiName'})>>).text.strip()}}"
    }
  },
  {
    "method": "get",
    "path": "clm",
    "apiName": "getCourselistIdNameCourseList.do",
    "params": {
      "userId": 1,
      "phaseId": 1,
      "schoolId": 1,
      "time": "!{{int(time.time()*1000)}}",
      "sign": "!{{requests.post('http://www.yuwenclub.com/dyw-managet/test/_manager/GenderCourseRecordSign.jsp', !<<dict($*,**{'method':'$apiName'})>>).text.strip()}}"
    }
  },
  {
    "method": "get",
    "path": "tm",
    "apiName": "getTeacherIdNameList.do",
    "params": {
      "userId": 1,
      "schoolId": 1,
      "subSchoolId": null,
      "time": "!{{int(time.time()*1000)}}",
      "sign": "!{{requests.post('http://www.yuwenclub.com/dyw-managet/test/_manager/GenderCourseRecordSign.jsp', !<<dict($*,**{'method':'$apiName'})>>).text.strip()}}"
    }
  },
  {
    "method": "get",
    "path": "crm",
    "apiName": "getClassroomIdNameList.do",
    "params": {
      "userId": 1,
      "schoolId": 1,
      "subSchoolId": null,
      "time": "!{{int(time.time()*1000)}}",
      "sign": "!{{requests.post('http://www.yuwenclub.com/dyw-managet/test/_manager/GenderCourseRecordSign.jsp', !<<dict($*,**{'method':'$apiName'})>>).text.strip()}}"
    }
  },
  {
    "method": "post",
    "path": "classm",
    "apiName": "addClassInfo.do",
    "schoolInfo": "@getSchoolAndSubList.do -j data#",
    "schoolId": "1",
    "phaseId": "132",
    "classroomId": "@getClassroomIdNameList.do -j data/classroomList#/classroomId",
    "teacherId": "@getTeacherIdNameList.do -j data/teacherList#/teacherId",
    "courselistId": "504",
    "courseId": "838",
    "params": {
      "userId": 1,
      "className": "周老师小班!{{random.randint(0,99)}}",
      "phaseId": "$phaseId",
      "schoolId": "$schoolId",
      "subSchoolId": null,
      "courselistId": "$courselistId",
      "courseList": [
        {
          "courseId": "$courseId",
          "courseStartTime": "2017-08-26 12:00",
          "courseEndTime": "2017-08-29 12:00",
          "teacherId": "$teacherId",
          "classroomId": "$classroomId",
          "orderNum": "1"
        }
      ],
      "studentId": null,
      "time": "!{{int(time.time()*1000)}}",
      "sign": "!{{requests.post('http://www.yuwenclub.com/dyw-managet/test/_manager/GenderCourseRecordSign.jsp', !<<dict($*,**{'method':'$apiName'})>>).text.strip()}}"
    }
  },
  {
    "method": "get",
    "path": "tm",
    "apiName": "getTeacherList.do",
    "params": {
      "userId": 1,
      "pageNum": 1,
      "pageSize": 10,
      "time": "!{{int(time.time()*1000)}}",
      "sign": "!{{requests.post('http://www.yuwenclub.com/dyw-managet/test/_manager/GenderCourseRecordSign.jsp', !<<dict($*,**{'method':'$apiName'})>>).text.strip()}}"
    }
  },
  {
    "method": "post",
    "path": "em",
    "apiName": "addEnrollInfo.do",
    "params": {
      "payAmount":"6000",
      "studentSex":"1",
      "gradeId":"4",
      "classIds":"199:201705801",
      "isTest":"0",
      "type":"1",
      "ignorePhoneNum":"1",
      "audition":"0",
      "phoneNum":"18513403663",
      "time":"!{{int(time.time()*1000)}}",
      "studentLoginId":"s492@bjq",
      "prepay":"0",
      "studentBirth":"2007-12-27",
      "curSchoolName":"小学",
      "userId":"819",
      "studentName":"李鑫铭",
      "schoolId":"85",
      "testScore":"0",
      "parentName":"无资料",
      "sign": "!{{requests.post('http://www.yuwenclub.com/dyw-managet/test/_manager/GenderCourseRecordSign.jsp', !<<dict($*,**{'method':'$apiName'})>>).text.strip()}}"
    }
  },
  {
    "method": "get",
    "path": "cm",
    "apiName": "getCourseList.do",
    "params": {
      "userId": 1,
      "courseId": null,
      "courseName": null,
      "pageNum": 1,
      "pageSize": 10,
      "time": "!{{int(time.time()*1000)}}",
      "sign": "!{{requests.post('http://www.yuwenclub.com/dyw-managet/test/_manager/GenderCourseRecordSign.jsp', !<<dict($*,**{'method':'$apiName'})>>).text.strip()}}"
    }
  }
]
