[
  {
    "method": "get",
    "path": "t",
    "apiName": "getTeacherSignature.do",
    "params": {
      "userId": "@getTeacherList.do -j data/teacherList#/userId",
      "time": "!{{int(time.time()*1000)}}",
      "sign": "!{{requests.post('http://www.yuwenclub.com/dyw-managet/test/_manager/GenderCourseRecordSign.jsp', !<<dict($*,**{'method':'$apiName'})>>).text.strip()}}"
    }
  },
  {
    "method": "get",
    "path": "tm",
    "apiName": "getTeacherList.do",
    "params": {
      "userId": 1,
      "pageNum": 1,
      "pageSize": 10,
      "time": "!{{int(time.time()*1000)}}",
      "sign": "!{{requests.post('http://www.yuwenclub.com/dyw-managet/test/_manager/GenderCourseRecordSign.jsp', !<<dict($*,**{'method':'$apiName'})>>).text.strip()}}"
    }
  },
  {
    "method": "post",
    "path": "t",
    "apiName": "modifyTeacherInfo.do",
    "params": {
      "userId": "@getTeacherList.do -j data/teacherList#/userId",
      "signature": "周老师，带你飞",
      "time": "!{{int(time.time()*1000)}}",
      "sign": "!{{requests.post('http://www.yuwenclub.com/dyw-managet/test/_manager/GenderCourseRecordSign.jsp', !<<dict($*,**{'method':'$apiName'})>>).text.strip()}}"
    }
  },
  {
    "method": "get",
    "path": "t",
    "apiName": "getAtClassHomeInfo.do",
    "params": {
      "userId": "2929",
      "time": "!{{int(time.time()*1000)}}",
      "sign": "!{{requests.post('http://www.yuwenclub.com/dyw-managet/test/_manager/GenderCourseRecordSign.jsp', !<<dict($*,**{'method':'$apiName'})>>).text.strip()}}"
    }
  },
  {
    "method": "get",
    "path": "t",
    "apiName": "getTeacherInfo.do",
    "params": {
      "userId": "@getTeacherList.do -j data/teacherList#/userId",
      "time": "!{{int(time.time()*1000)}}",
      "sign": "!{{requests.post('http://www.yuwenclub.com/dyw-managet/test/_manager/GenderCourseRecordSign.jsp', !<<dict($*,**{'method':'$apiName'})>>).text.strip()}}"
    }
  },
  {
    "method": "post",
    "apiName": "bgLogin.do",
    "params": {
      "loginId": "t5@709gg",
      "pwd": "dyw1111",
      "time": "!{{int(time.time()*1000)}}",
      "sign": "!{{requests.post('http://www.yuwenclub.com/dyw-managet/test/_manager/GenderCourseRecordSign.jsp', !<<dict($*,**{'method':'$apiName'})>>).text.strip()}}"
    },
    "headers":{
      "version":"dayuwen-teacher-v1.1"
    }
  }
]
